,n,P_i,P_r,Days_Taken,Surviors,Everyone_Dead,Graph_Type
0,30,0.5,0.6,12,22,False,barabasi
1,30,0.5,0.6,12,19,False,barabasi
2,30,0.5,0.6,14,24,False,barabasi
3,30,0.5,0.6,13,17,False,barabasi
4,30,0.5,0.6,12,21,False,barabasi
5,30,0.5,0.6,13,21,False,barabasi
6,30,0.5,0.6,16,14,False,barabasi
7,30,0.5,0.6,13,19,False,barabasi
8,30,0.5,0.6,12,21,False,barabasi
9,30,0.5,0.6,13,16,False,barabasi
10,30,0.5,0.6,12,17,False,barabasi
11,30,0.5,0.6,12,20,False,barabasi
12,30,0.5,0.6,14,15,False,barabasi
13,30,0.5,0.6,12,16,False,barabasi
14,30,0.5,0.6,12,21,False,barabasi
15,30,0.5,0.6,12,17,False,barabasi
16,30,0.5,0.6,14,24,False,barabasi
17,30,0.5,0.6,13,18,False,barabasi
18,30,0.5,0.6,11,18,False,barabasi
19,30,0.5,0.6,12,19,False,barabasi
20,30,0.5,0.6,12,18,False,barabasi
21,30,0.5,0.6,12,22,False,barabasi
22,30,0.5,0.6,12,20,False,barabasi
23,30,0.5,0.6,12,23,False,barabasi
24,30,0.5,0.6,14,22,False,barabasi
25,30,0.5,0.6,12,16,False,barabasi
26,30,0.5,0.6,12,18,False,barabasi
27,30,0.5,0.6,13,19,False,barabasi
28,30,0.5,0.6,13,18,False,barabasi
29,30,0.5,0.6,12,19,False,barabasi
30,30,0.5,0.6,12,13,False,barabasi
31,30,0.5,0.6,12,17,False,barabasi
32,30,0.5,0.6,14,21,False,barabasi
33,30,0.5,0.6,12,16,False,barabasi
34,30,0.5,0.6,12,18,False,barabasi
35,30,0.5,0.6,13,12,False,barabasi
36,30,0.5,0.6,14,14,False,barabasi
37,30,0.5,0.6,13,19,False,barabasi
38,30,0.5,0.6,12,17,False,barabasi
39,30,0.5,0.6,13,17,False,barabasi
40,30,0.5,0.6,13,19,False,barabasi
41,30,0.5,0.6,13,23,False,barabasi
42,30,0.5,0.6,12,19,False,barabasi
43,30,0.5,0.6,12,16,False,barabasi
44,30,0.5,0.6,13,20,False,barabasi
45,30,0.5,0.6,13,21,False,barabasi
46,30,0.5,0.6,12,17,False,barabasi
47,30,0.5,0.6,12,17,False,barabasi
48,30,0.5,0.6,13,20,False,barabasi
49,30,0.5,0.6,13,20,False,barabasi
50,30,0.5,0.6,13,18,False,barabasi
51,30,0.5,0.6,13,22,False,barabasi
52,30,0.5,0.6,13,21,False,barabasi
53,30,0.5,0.6,13,19,False,barabasi
54,30,0.5,0.6,13,15,False,barabasi
55,30,0.5,0.6,13,17,False,barabasi
56,30,0.5,0.6,12,18,False,barabasi
57,30,0.5,0.6,13,17,False,barabasi
58,30,0.5,0.6,13,18,False,barabasi
59,30,0.5,0.6,12,18,False,barabasi
60,30,0.5,0.6,13,16,False,barabasi
61,30,0.5,0.6,13,14,False,barabasi
62,30,0.5,0.6,12,12,False,barabasi
63,30,0.5,0.6,13,19,False,barabasi
64,30,0.5,0.6,12,18,False,barabasi
65,30,0.5,0.6,13,18,False,barabasi
66,30,0.5,0.6,12,16,False,barabasi
67,30,0.5,0.6,12,19,False,barabasi
68,30,0.5,0.6,13,14,False,barabasi
69,30,0.5,0.6,13,17,False,barabasi
70,30,0.5,0.6,12,19,False,barabasi
71,30,0.5,0.6,12,17,False,barabasi
72,30,0.5,0.6,12,20,False,barabasi
73,30,0.5,0.6,14,15,False,barabasi
74,30,0.5,0.6,12,24,False,barabasi
75,30,0.5,0.6,13,19,False,barabasi
76,30,0.5,0.6,13,19,False,barabasi
77,30,0.5,0.6,12,13,False,barabasi
78,30,0.5,0.6,12,18,False,barabasi
79,30,0.5,0.6,12,15,False,barabasi
80,30,0.5,0.6,12,21,False,barabasi
81,30,0.5,0.6,13,13,False,barabasi
82,30,0.5,0.6,13,18,False,barabasi
83,30,0.5,0.6,12,19,False,barabasi
84,30,0.5,0.6,12,19,False,barabasi
85,30,0.5,0.6,12,20,False,barabasi
86,30,0.5,0.6,12,20,False,barabasi
87,30,0.5,0.6,14,21,False,barabasi
88,30,0.5,0.6,13,20,False,barabasi
89,30,0.5,0.6,13,15,False,barabasi
90,30,0.5,0.6,13,23,False,barabasi
91,30,0.5,0.6,13,20,False,barabasi
92,30,0.5,0.6,13,16,False,barabasi
93,30,0.5,0.6,12,17,False,barabasi
94,30,0.5,0.6,13,18,False,barabasi
95,30,0.5,0.6,12,18,False,barabasi
96,30,0.5,0.6,12,18,False,barabasi
97,30,0.5,0.6,13,14,False,barabasi
98,30,0.5,0.6,13,13,False,barabasi
99,30,0.5,0.6,12,17,False,barabasi
100,50,0.5,0.6,14,33,False,barabasi
101,50,0.5,0.6,12,36,False,barabasi
102,50,0.5,0.6,13,27,False,barabasi
103,50,0.5,0.6,12,29,False,barabasi
104,50,0.5,0.6,12,34,False,barabasi
105,50,0.5,0.6,14,30,False,barabasi
106,50,0.5,0.6,13,27,False,barabasi
107,50,0.5,0.6,13,27,False,barabasi
108,50,0.5,0.6,14,31,False,barabasi
109,50,0.5,0.6,13,28,False,barabasi
110,50,0.5,0.6,13,29,False,barabasi
111,50,0.5,0.6,13,33,False,barabasi
112,50,0.5,0.6,13,31,False,barabasi
113,50,0.5,0.6,13,33,False,barabasi
114,50,0.5,0.6,13,30,False,barabasi
115,50,0.5,0.6,13,30,False,barabasi
116,50,0.5,0.6,13,36,False,barabasi
117,50,0.5,0.6,13,31,False,barabasi
118,50,0.5,0.6,13,26,False,barabasi
119,50,0.5,0.6,13,32,False,barabasi
120,50,0.5,0.6,12,31,False,barabasi
121,50,0.5,0.6,13,29,False,barabasi
122,50,0.5,0.6,13,30,False,barabasi
123,50,0.5,0.6,13,33,False,barabasi
124,50,0.5,0.6,13,29,False,barabasi
125,50,0.5,0.6,13,31,False,barabasi
126,50,0.5,0.6,13,29,False,barabasi
127,50,0.5,0.6,13,31,False,barabasi
128,50,0.5,0.6,13,32,False,barabasi
129,50,0.5,0.6,13,31,False,barabasi
130,50,0.5,0.6,13,32,False,barabasi
131,50,0.5,0.6,14,38,False,barabasi
132,50,0.5,0.6,13,30,False,barabasi
133,50,0.5,0.6,13,28,False,barabasi
134,50,0.5,0.6,13,28,False,barabasi
135,50,0.5,0.6,13,38,False,barabasi
136,50,0.5,0.6,13,20,False,barabasi
137,50,0.5,0.6,13,24,False,barabasi
138,50,0.5,0.6,13,35,False,barabasi
139,50,0.5,0.6,14,28,False,barabasi
140,50,0.5,0.6,13,29,False,barabasi
141,50,0.5,0.6,13,28,False,barabasi
142,50,0.5,0.6,13,27,False,barabasi
143,50,0.5,0.6,13,31,False,barabasi
144,50,0.5,0.6,12,28,False,barabasi
145,50,0.5,0.6,13,27,False,barabasi
146,50,0.5,0.6,12,36,False,barabasi
147,50,0.5,0.6,13,33,False,barabasi
148,50,0.5,0.6,13,31,False,barabasi
149,50,0.5,0.6,14,33,False,barabasi
150,50,0.5,0.6,13,31,False,barabasi
151,50,0.5,0.6,13,30,False,barabasi
152,50,0.5,0.6,14,27,False,barabasi
153,50,0.5,0.6,13,30,False,barabasi
154,50,0.5,0.6,12,28,False,barabasi
155,50,0.5,0.6,12,25,False,barabasi
156,50,0.5,0.6,14,33,False,barabasi
157,50,0.5,0.6,12,25,False,barabasi
158,50,0.5,0.6,13,32,False,barabasi
159,50,0.5,0.6,13,33,False,barabasi
160,50,0.5,0.6,13,35,False,barabasi
161,50,0.5,0.6,13,27,False,barabasi
162,50,0.5,0.6,13,32,False,barabasi
163,50,0.5,0.6,13,30,False,barabasi
164,50,0.5,0.6,13,26,False,barabasi
165,50,0.5,0.6,14,32,False,barabasi
166,50,0.5,0.6,14,33,False,barabasi
167,50,0.5,0.6,13,30,False,barabasi
168,50,0.5,0.6,13,29,False,barabasi
169,50,0.5,0.6,13,28,False,barabasi
170,50,0.5,0.6,13,31,False,barabasi
171,50,0.5,0.6,13,30,False,barabasi
172,50,0.5,0.6,14,27,False,barabasi
173,50,0.5,0.6,12,34,False,barabasi
174,50,0.5,0.6,13,25,False,barabasi
175,50,0.5,0.6,15,25,False,barabasi
176,50,0.5,0.6,13,29,False,barabasi
177,50,0.5,0.6,13,36,False,barabasi
178,50,0.5,0.6,13,33,False,barabasi
179,50,0.5,0.6,13,29,False,barabasi
180,50,0.5,0.6,13,31,False,barabasi
181,50,0.5,0.6,13,29,False,barabasi
182,50,0.5,0.6,13,29,False,barabasi
183,50,0.5,0.6,14,27,False,barabasi
184,50,0.5,0.6,13,30,False,barabasi
185,50,0.5,0.6,13,38,False,barabasi
186,50,0.5,0.6,14,28,False,barabasi
187,50,0.5,0.6,13,31,False,barabasi
188,50,0.5,0.6,13,35,False,barabasi
189,50,0.5,0.6,13,24,False,barabasi
190,50,0.5,0.6,13,25,False,barabasi
191,50,0.5,0.6,13,26,False,barabasi
192,50,0.5,0.6,13,30,False,barabasi
193,50,0.5,0.6,13,39,False,barabasi
194,50,0.5,0.6,13,39,False,barabasi
195,50,0.5,0.6,14,29,False,barabasi
196,50,0.5,0.6,14,24,False,barabasi
197,50,0.5,0.6,13,31,False,barabasi
198,50,0.5,0.6,13,28,False,barabasi
199,50,0.5,0.6,12,25,False,barabasi
200,70,0.5,0.6,12,47,False,barabasi
201,70,0.5,0.6,14,45,False,barabasi
202,70,0.5,0.6,12,37,False,barabasi
203,70,0.5,0.6,14,48,False,barabasi
204,70,0.5,0.6,14,36,False,barabasi
205,70,0.5,0.6,13,46,False,barabasi
206,70,0.5,0.6,13,49,False,barabasi
207,70,0.5,0.6,14,44,False,barabasi
208,70,0.5,0.6,14,39,False,barabasi
209,70,0.5,0.6,13,37,False,barabasi
210,70,0.5,0.6,14,40,False,barabasi
211,70,0.5,0.6,13,37,False,barabasi
212,70,0.5,0.6,13,46,False,barabasi
213,70,0.5,0.6,14,46,False,barabasi
214,70,0.5,0.6,14,45,False,barabasi
215,70,0.5,0.6,13,45,False,barabasi
216,70,0.5,0.6,13,42,False,barabasi
217,70,0.5,0.6,14,41,False,barabasi
218,70,0.5,0.6,12,30,False,barabasi
219,70,0.5,0.6,14,45,False,barabasi
220,70,0.5,0.6,13,47,False,barabasi
221,70,0.5,0.6,13,36,False,barabasi
222,70,0.5,0.6,13,41,False,barabasi
223,70,0.5,0.6,13,46,False,barabasi
224,70,0.5,0.6,13,45,False,barabasi
225,70,0.5,0.6,14,45,False,barabasi
226,70,0.5,0.6,13,45,False,barabasi
227,70,0.5,0.6,14,43,False,barabasi
228,70,0.5,0.6,13,40,False,barabasi
229,70,0.5,0.6,13,42,False,barabasi
230,70,0.5,0.6,14,36,False,barabasi
231,70,0.5,0.6,13,45,False,barabasi
232,70,0.5,0.6,14,43,False,barabasi
233,70,0.5,0.6,12,42,False,barabasi
234,70,0.5,0.6,13,33,False,barabasi
235,70,0.5,0.6,12,47,False,barabasi
236,70,0.5,0.6,13,40,False,barabasi
237,70,0.5,0.6,13,41,False,barabasi
238,70,0.5,0.6,13,33,False,barabasi
239,70,0.5,0.6,13,41,False,barabasi
240,70,0.5,0.6,13,40,False,barabasi
241,70,0.5,0.6,13,41,False,barabasi
242,70,0.5,0.6,14,45,False,barabasi
243,70,0.5,0.6,14,33,False,barabasi
244,70,0.5,0.6,13,53,False,barabasi
245,70,0.5,0.6,13,33,False,barabasi
246,70,0.5,0.6,13,40,False,barabasi
247,70,0.5,0.6,14,45,False,barabasi
248,70,0.5,0.6,14,40,False,barabasi
249,70,0.5,0.6,13,44,False,barabasi
250,70,0.5,0.6,13,36,False,barabasi
251,70,0.5,0.6,13,46,False,barabasi
252,70,0.5,0.6,13,43,False,barabasi
253,70,0.5,0.6,13,46,False,barabasi
254,70,0.5,0.6,13,47,False,barabasi
255,70,0.5,0.6,13,38,False,barabasi
256,70,0.5,0.6,13,42,False,barabasi
257,70,0.5,0.6,14,44,False,barabasi
258,70,0.5,0.6,13,44,False,barabasi
259,70,0.5,0.6,14,42,False,barabasi
260,70,0.5,0.6,13,36,False,barabasi
261,70,0.5,0.6,12,46,False,barabasi
262,70,0.5,0.6,13,46,False,barabasi
263,70,0.5,0.6,15,43,False,barabasi
264,70,0.5,0.6,13,43,False,barabasi
265,70,0.5,0.6,14,37,False,barabasi
266,70,0.5,0.6,13,31,False,barabasi
267,70,0.5,0.6,13,38,False,barabasi
268,70,0.5,0.6,13,42,False,barabasi
269,70,0.5,0.6,14,46,False,barabasi
270,70,0.5,0.6,13,33,False,barabasi
271,70,0.5,0.6,13,40,False,barabasi
272,70,0.5,0.6,13,41,False,barabasi
273,70,0.5,0.6,14,40,False,barabasi
274,70,0.5,0.6,13,45,False,barabasi
275,70,0.5,0.6,13,42,False,barabasi
276,70,0.5,0.6,13,40,False,barabasi
277,70,0.5,0.6,13,43,False,barabasi
278,70,0.5,0.6,13,46,False,barabasi
279,70,0.5,0.6,13,38,False,barabasi
280,70,0.5,0.6,14,37,False,barabasi
281,70,0.5,0.6,14,49,False,barabasi
282,70,0.5,0.6,13,43,False,barabasi
283,70,0.5,0.6,13,36,False,barabasi
284,70,0.5,0.6,13,42,False,barabasi
285,70,0.5,0.6,12,47,False,barabasi
286,70,0.5,0.6,13,42,False,barabasi
287,70,0.5,0.6,13,44,False,barabasi
288,70,0.5,0.6,13,42,False,barabasi
289,70,0.5,0.6,13,46,False,barabasi
290,70,0.5,0.6,13,41,False,barabasi
291,70,0.5,0.6,13,41,False,barabasi
292,70,0.5,0.6,13,46,False,barabasi
293,70,0.5,0.6,13,41,False,barabasi
294,70,0.5,0.6,13,49,False,barabasi
295,70,0.5,0.6,13,33,False,barabasi
296,70,0.5,0.6,13,48,False,barabasi
297,70,0.5,0.6,13,46,False,barabasi
298,70,0.5,0.6,13,40,False,barabasi
299,70,0.5,0.6,13,38,False,barabasi
300,90,0.5,0.6,13,54,False,barabasi
301,90,0.5,0.6,12,53,False,barabasi
302,90,0.5,0.6,13,55,False,barabasi
303,90,0.5,0.6,14,60,False,barabasi
304,90,0.5,0.6,14,51,False,barabasi
305,90,0.5,0.6,14,53,False,barabasi
306,90,0.5,0.6,13,57,False,barabasi
307,90,0.5,0.6,13,59,False,barabasi
308,90,0.5,0.6,13,46,False,barabasi
309,90,0.5,0.6,13,50,False,barabasi
310,90,0.5,0.6,13,57,False,barabasi
311,90,0.5,0.6,14,60,False,barabasi
312,90,0.5,0.6,13,60,False,barabasi
313,90,0.5,0.6,13,56,False,barabasi
314,90,0.5,0.6,14,57,False,barabasi
315,90,0.5,0.6,13,52,False,barabasi
316,90,0.5,0.6,13,56,False,barabasi
317,90,0.5,0.6,13,62,False,barabasi
318,90,0.5,0.6,13,63,False,barabasi
319,90,0.5,0.6,14,52,False,barabasi
320,90,0.5,0.6,14,62,False,barabasi
321,90,0.5,0.6,15,60,False,barabasi
322,90,0.5,0.6,14,51,False,barabasi
323,90,0.5,0.6,13,44,False,barabasi
324,90,0.5,0.6,13,51,False,barabasi
325,90,0.5,0.6,13,53,False,barabasi
326,90,0.5,0.6,14,48,False,barabasi
327,90,0.5,0.6,13,45,False,barabasi
328,90,0.5,0.6,13,54,False,barabasi
329,90,0.5,0.6,13,38,False,barabasi
330,90,0.5,0.6,13,62,False,barabasi
331,90,0.5,0.6,13,57,False,barabasi
332,90,0.5,0.6,13,50,False,barabasi
333,90,0.5,0.6,14,54,False,barabasi
334,90,0.5,0.6,14,49,False,barabasi
335,90,0.5,0.6,14,47,False,barabasi
336,90,0.5,0.6,13,57,False,barabasi
337,90,0.5,0.6,13,64,False,barabasi
338,90,0.5,0.6,13,56,False,barabasi
339,90,0.5,0.6,13,51,False,barabasi
340,90,0.5,0.6,14,55,False,barabasi
341,90,0.5,0.6,14,52,False,barabasi
342,90,0.5,0.6,12,50,False,barabasi
343,90,0.5,0.6,13,49,False,barabasi
344,90,0.5,0.6,14,58,False,barabasi
345,90,0.5,0.6,14,50,False,barabasi
346,90,0.5,0.6,14,60,False,barabasi
347,90,0.5,0.6,13,57,False,barabasi
348,90,0.5,0.6,13,51,False,barabasi
349,90,0.5,0.6,14,52,False,barabasi
350,90,0.5,0.6,13,56,False,barabasi
351,90,0.5,0.6,14,54,False,barabasi
352,90,0.5,0.6,13,62,False,barabasi
353,90,0.5,0.6,14,59,False,barabasi
354,90,0.5,0.6,13,47,False,barabasi
355,90,0.5,0.6,13,51,False,barabasi
356,90,0.5,0.6,13,58,False,barabasi
357,90,0.5,0.6,14,46,False,barabasi
358,90,0.5,0.6,13,66,False,barabasi
359,90,0.5,0.6,13,54,False,barabasi
360,90,0.5,0.6,13,48,False,barabasi
361,90,0.5,0.6,14,51,False,barabasi
362,90,0.5,0.6,14,49,False,barabasi
363,90,0.5,0.6,13,52,False,barabasi
364,90,0.5,0.6,12,57,False,barabasi
365,90,0.5,0.6,14,57,False,barabasi
366,90,0.5,0.6,13,47,False,barabasi
367,90,0.5,0.6,13,59,False,barabasi
368,90,0.5,0.6,14,54,False,barabasi
369,90,0.5,0.6,13,57,False,barabasi
370,90,0.5,0.6,13,62,False,barabasi
371,90,0.5,0.6,14,51,False,barabasi
372,90,0.5,0.6,13,50,False,barabasi
373,90,0.5,0.6,13,58,False,barabasi
374,90,0.5,0.6,13,58,False,barabasi
375,90,0.5,0.6,13,52,False,barabasi
376,90,0.5,0.6,13,54,False,barabasi
377,90,0.5,0.6,13,62,False,barabasi
378,90,0.5,0.6,14,56,False,barabasi
379,90,0.5,0.6,13,54,False,barabasi
380,90,0.5,0.6,13,45,False,barabasi
381,90,0.5,0.6,13,59,False,barabasi
382,90,0.5,0.6,14,58,False,barabasi
383,90,0.5,0.6,13,42,False,barabasi
384,90,0.5,0.6,12,54,False,barabasi
385,90,0.5,0.6,14,61,False,barabasi
386,90,0.5,0.6,13,56,False,barabasi
387,90,0.5,0.6,15,57,False,barabasi
388,90,0.5,0.6,13,54,False,barabasi
389,90,0.5,0.6,13,60,False,barabasi
390,90,0.5,0.6,14,48,False,barabasi
391,90,0.5,0.6,13,57,False,barabasi
392,90,0.5,0.6,14,48,False,barabasi
393,90,0.5,0.6,13,53,False,barabasi
394,90,0.5,0.6,13,49,False,barabasi
395,90,0.5,0.6,13,57,False,barabasi
396,90,0.5,0.6,14,57,False,barabasi
397,90,0.5,0.6,14,60,False,barabasi
398,90,0.5,0.6,14,52,False,barabasi
399,90,0.5,0.6,14,57,False,barabasi
400,110,0.5,0.6,14,54,False,barabasi
401,110,0.5,0.6,15,74,False,barabasi
402,110,0.5,0.6,13,60,False,barabasi
403,110,0.5,0.6,15,68,False,barabasi
404,110,0.5,0.6,15,71,False,barabasi
405,110,0.5,0.6,13,59,False,barabasi
406,110,0.5,0.6,13,69,False,barabasi
407,110,0.5,0.6,13,67,False,barabasi
408,110,0.5,0.6,13,64,False,barabasi
409,110,0.5,0.6,15,55,False,barabasi
410,110,0.5,0.6,14,61,False,barabasi
411,110,0.5,0.6,14,56,False,barabasi
412,110,0.5,0.6,13,58,False,barabasi
413,110,0.5,0.6,13,70,False,barabasi
414,110,0.5,0.6,13,70,False,barabasi
415,110,0.5,0.6,13,70,False,barabasi
416,110,0.5,0.6,14,68,False,barabasi
417,110,0.5,0.6,14,65,False,barabasi
418,110,0.5,0.6,13,61,False,barabasi
419,110,0.5,0.6,14,60,False,barabasi
420,110,0.5,0.6,14,62,False,barabasi
421,110,0.5,0.6,14,63,False,barabasi
422,110,0.5,0.6,13,59,False,barabasi
423,110,0.5,0.6,14,67,False,barabasi
424,110,0.5,0.6,14,71,False,barabasi
425,110,0.5,0.6,13,75,False,barabasi
426,110,0.5,0.6,14,64,False,barabasi
427,110,0.5,0.6,13,69,False,barabasi
428,110,0.5,0.6,13,57,False,barabasi
429,110,0.5,0.6,14,68,False,barabasi
430,110,0.5,0.6,14,61,False,barabasi
431,110,0.5,0.6,14,70,False,barabasi
432,110,0.5,0.6,13,62,False,barabasi
433,110,0.5,0.6,13,64,False,barabasi
434,110,0.5,0.6,13,64,False,barabasi
435,110,0.5,0.6,15,67,False,barabasi
436,110,0.5,0.6,14,72,False,barabasi
437,110,0.5,0.6,14,64,False,barabasi
438,110,0.5,0.6,13,55,False,barabasi
439,110,0.5,0.6,14,57,False,barabasi
440,110,0.5,0.6,14,62,False,barabasi
441,110,0.5,0.6,13,61,False,barabasi
442,110,0.5,0.6,14,62,False,barabasi
443,110,0.5,0.6,14,61,False,barabasi
444,110,0.5,0.6,14,59,False,barabasi
445,110,0.5,0.6,13,65,False,barabasi
446,110,0.5,0.6,13,65,False,barabasi
447,110,0.5,0.6,13,57,False,barabasi
448,110,0.5,0.6,14,61,False,barabasi
449,110,0.5,0.6,14,64,False,barabasi
450,110,0.5,0.6,13,71,False,barabasi
451,110,0.5,0.6,14,66,False,barabasi
452,110,0.5,0.6,15,67,False,barabasi
453,110,0.5,0.6,14,63,False,barabasi
454,110,0.5,0.6,13,70,False,barabasi
455,110,0.5,0.6,13,79,False,barabasi
456,110,0.5,0.6,14,66,False,barabasi
457,110,0.5,0.6,13,66,False,barabasi
458,110,0.5,0.6,13,69,False,barabasi
459,110,0.5,0.6,13,67,False,barabasi
460,110,0.5,0.6,13,63,False,barabasi
461,110,0.5,0.6,13,69,False,barabasi
462,110,0.5,0.6,13,64,False,barabasi
463,110,0.5,0.6,15,72,False,barabasi
464,110,0.5,0.6,14,63,False,barabasi
465,110,0.5,0.6,14,63,False,barabasi
466,110,0.5,0.6,13,63,False,barabasi
467,110,0.5,0.6,13,61,False,barabasi
468,110,0.5,0.6,14,72,False,barabasi
469,110,0.5,0.6,14,68,False,barabasi
470,110,0.5,0.6,14,70,False,barabasi
471,110,0.5,0.6,14,56,False,barabasi
472,110,0.5,0.6,14,73,False,barabasi
473,110,0.5,0.6,14,68,False,barabasi
474,110,0.5,0.6,14,63,False,barabasi
475,110,0.5,0.6,13,75,False,barabasi
476,110,0.5,0.6,13,74,False,barabasi
477,110,0.5,0.6,13,67,False,barabasi
478,110,0.5,0.6,14,67,False,barabasi
479,110,0.5,0.6,13,61,False,barabasi
480,110,0.5,0.6,13,77,False,barabasi
481,110,0.5,0.6,13,70,False,barabasi
482,110,0.5,0.6,15,63,False,barabasi
483,110,0.5,0.6,14,63,False,barabasi
484,110,0.5,0.6,14,66,False,barabasi
485,110,0.5,0.6,14,72,False,barabasi
486,110,0.5,0.6,13,61,False,barabasi
487,110,0.5,0.6,14,65,False,barabasi
488,110,0.5,0.6,14,59,False,barabasi
489,110,0.5,0.6,14,72,False,barabasi
490,110,0.5,0.6,13,61,False,barabasi
491,110,0.5,0.6,14,73,False,barabasi
492,110,0.5,0.6,14,67,False,barabasi
493,110,0.5,0.6,13,55,False,barabasi
494,110,0.5,0.6,13,67,False,barabasi
495,110,0.5,0.6,14,55,False,barabasi
496,110,0.5,0.6,14,67,False,barabasi
497,110,0.5,0.6,13,70,False,barabasi
498,110,0.5,0.6,14,73,False,barabasi
499,110,0.5,0.6,14,76,False,barabasi
500,130,0.5,0.6,13,87,False,barabasi
501,130,0.5,0.6,14,72,False,barabasi
502,130,0.5,0.6,14,80,False,barabasi
503,130,0.5,0.6,14,81,False,barabasi
504,130,0.5,0.6,13,84,False,barabasi
505,130,0.5,0.6,14,77,False,barabasi
506,130,0.5,0.6,14,83,False,barabasi
507,130,0.5,0.6,13,82,False,barabasi
508,130,0.5,0.6,14,81,False,barabasi
509,130,0.5,0.6,13,72,False,barabasi
510,130,0.5,0.6,14,83,False,barabasi
511,130,0.5,0.6,14,78,False,barabasi
512,130,0.5,0.6,14,79,False,barabasi
513,130,0.5,0.6,14,74,False,barabasi
514,130,0.5,0.6,14,74,False,barabasi
515,130,0.5,0.6,13,83,False,barabasi
516,130,0.5,0.6,14,79,False,barabasi
517,130,0.5,0.6,14,82,False,barabasi
518,130,0.5,0.6,14,71,False,barabasi
519,130,0.5,0.6,14,75,False,barabasi
520,130,0.5,0.6,14,75,False,barabasi
521,130,0.5,0.6,13,71,False,barabasi
522,130,0.5,0.6,13,81,False,barabasi
523,130,0.5,0.6,14,88,False,barabasi
524,130,0.5,0.6,14,78,False,barabasi
525,130,0.5,0.6,14,74,False,barabasi
526,130,0.5,0.6,13,83,False,barabasi
527,130,0.5,0.6,14,70,False,barabasi
528,130,0.5,0.6,14,78,False,barabasi
529,130,0.5,0.6,14,72,False,barabasi
530,130,0.5,0.6,14,84,False,barabasi
531,130,0.5,0.6,14,75,False,barabasi
532,130,0.5,0.6,14,74,False,barabasi
533,130,0.5,0.6,13,73,False,barabasi
534,130,0.5,0.6,14,86,False,barabasi
535,130,0.5,0.6,14,77,False,barabasi
536,130,0.5,0.6,14,82,False,barabasi
537,130,0.5,0.6,13,86,False,barabasi
538,130,0.5,0.6,13,80,False,barabasi
539,130,0.5,0.6,14,81,False,barabasi
540,130,0.5,0.6,14,85,False,barabasi
541,130,0.5,0.6,14,69,False,barabasi
542,130,0.5,0.6,14,85,False,barabasi
543,130,0.5,0.6,13,70,False,barabasi
544,130,0.5,0.6,14,79,False,barabasi
545,130,0.5,0.6,13,84,False,barabasi
546,130,0.5,0.6,15,81,False,barabasi
547,130,0.5,0.6,14,86,False,barabasi
548,130,0.5,0.6,14,85,False,barabasi
549,130,0.5,0.6,14,74,False,barabasi
550,130,0.5,0.6,14,76,False,barabasi
551,130,0.5,0.6,15,70,False,barabasi
552,130,0.5,0.6,13,73,False,barabasi
553,130,0.5,0.6,13,84,False,barabasi
554,130,0.5,0.6,14,84,False,barabasi
555,130,0.5,0.6,14,77,False,barabasi
556,130,0.5,0.6,14,85,False,barabasi
557,130,0.5,0.6,14,82,False,barabasi
558,130,0.5,0.6,13,67,False,barabasi
559,130,0.5,0.6,14,80,False,barabasi
560,130,0.5,0.6,14,81,False,barabasi
561,130,0.5,0.6,12,78,False,barabasi
562,130,0.5,0.6,14,87,False,barabasi
563,130,0.5,0.6,13,91,False,barabasi
564,130,0.5,0.6,14,76,False,barabasi
565,130,0.5,0.6,15,77,False,barabasi
566,130,0.5,0.6,13,92,False,barabasi
567,130,0.5,0.6,14,72,False,barabasi
568,130,0.5,0.6,14,87,False,barabasi
569,130,0.5,0.6,15,82,False,barabasi
570,130,0.5,0.6,13,87,False,barabasi
571,130,0.5,0.6,14,92,False,barabasi
572,130,0.5,0.6,13,79,False,barabasi
573,130,0.5,0.6,15,77,False,barabasi
574,130,0.5,0.6,13,76,False,barabasi
575,130,0.5,0.6,14,79,False,barabasi
576,130,0.5,0.6,14,73,False,barabasi
577,130,0.5,0.6,14,73,False,barabasi
578,130,0.5,0.6,14,84,False,barabasi
579,130,0.5,0.6,15,86,False,barabasi
580,130,0.5,0.6,14,81,False,barabasi
581,130,0.5,0.6,14,75,False,barabasi
582,130,0.5,0.6,13,76,False,barabasi
583,130,0.5,0.6,14,83,False,barabasi
584,130,0.5,0.6,13,90,False,barabasi
585,130,0.5,0.6,13,85,False,barabasi
586,130,0.5,0.6,14,77,False,barabasi
587,130,0.5,0.6,13,85,False,barabasi
588,130,0.5,0.6,14,79,False,barabasi
589,130,0.5,0.6,14,71,False,barabasi
590,130,0.5,0.6,14,75,False,barabasi
591,130,0.5,0.6,13,64,False,barabasi
592,130,0.5,0.6,14,75,False,barabasi
593,130,0.5,0.6,15,74,False,barabasi
594,130,0.5,0.6,14,85,False,barabasi
595,130,0.5,0.6,14,84,False,barabasi
596,130,0.5,0.6,15,67,False,barabasi
597,130,0.5,0.6,14,84,False,barabasi
598,130,0.5,0.6,14,75,False,barabasi
599,130,0.5,0.6,14,68,False,barabasi
600,150,0.5,0.6,15,82,False,barabasi
601,150,0.5,0.6,14,105,False,barabasi
602,150,0.5,0.6,15,86,False,barabasi
603,150,0.5,0.6,15,92,False,barabasi
604,150,0.5,0.6,15,88,False,barabasi
605,150,0.5,0.6,13,107,False,barabasi
606,150,0.5,0.6,13,101,False,barabasi
607,150,0.5,0.6,14,89,False,barabasi
608,150,0.5,0.6,14,87,False,barabasi
609,150,0.5,0.6,14,89,False,barabasi
610,150,0.5,0.6,14,97,False,barabasi
611,150,0.5,0.6,14,83,False,barabasi
612,150,0.5,0.6,16,96,False,barabasi
613,150,0.5,0.6,14,95,False,barabasi
614,150,0.5,0.6,14,85,False,barabasi
615,150,0.5,0.6,14,88,False,barabasi
616,150,0.5,0.6,14,82,False,barabasi
617,150,0.5,0.6,14,91,False,barabasi
618,150,0.5,0.6,14,97,False,barabasi
619,150,0.5,0.6,14,91,False,barabasi
620,150,0.5,0.6,14,94,False,barabasi
621,150,0.5,0.6,14,85,False,barabasi
622,150,0.5,0.6,15,94,False,barabasi
623,150,0.5,0.6,13,92,False,barabasi
624,150,0.5,0.6,13,91,False,barabasi
625,150,0.5,0.6,14,90,False,barabasi
626,150,0.5,0.6,14,87,False,barabasi
627,150,0.5,0.6,14,88,False,barabasi
628,150,0.5,0.6,13,91,False,barabasi
629,150,0.5,0.6,13,95,False,barabasi
630,150,0.5,0.6,13,88,False,barabasi
631,150,0.5,0.6,14,99,False,barabasi
632,150,0.5,0.6,14,86,False,barabasi
633,150,0.5,0.6,14,88,False,barabasi
634,150,0.5,0.6,14,107,False,barabasi
635,150,0.5,0.6,13,93,False,barabasi
636,150,0.5,0.6,13,95,False,barabasi
637,150,0.5,0.6,13,85,False,barabasi
638,150,0.5,0.6,13,93,False,barabasi
639,150,0.5,0.6,14,88,False,barabasi
640,150,0.5,0.6,14,80,False,barabasi
641,150,0.5,0.6,15,90,False,barabasi
642,150,0.5,0.6,15,90,False,barabasi
643,150,0.5,0.6,14,91,False,barabasi
644,150,0.5,0.6,14,96,False,barabasi
645,150,0.5,0.6,14,84,False,barabasi
646,150,0.5,0.6,14,87,False,barabasi
647,150,0.5,0.6,13,97,False,barabasi
648,150,0.5,0.6,14,86,False,barabasi
649,150,0.5,0.6,13,86,False,barabasi
650,150,0.5,0.6,14,90,False,barabasi
651,150,0.5,0.6,14,87,False,barabasi
652,150,0.5,0.6,14,90,False,barabasi
653,150,0.5,0.6,14,98,False,barabasi
654,150,0.5,0.6,14,85,False,barabasi
655,150,0.5,0.6,14,89,False,barabasi
656,150,0.5,0.6,14,82,False,barabasi
657,150,0.5,0.6,14,91,False,barabasi
658,150,0.5,0.6,14,90,False,barabasi
659,150,0.5,0.6,13,80,False,barabasi
660,150,0.5,0.6,13,87,False,barabasi
661,150,0.5,0.6,13,93,False,barabasi
662,150,0.5,0.6,13,87,False,barabasi
663,150,0.5,0.6,15,89,False,barabasi
664,150,0.5,0.6,15,101,False,barabasi
665,150,0.5,0.6,14,92,False,barabasi
666,150,0.5,0.6,14,94,False,barabasi
667,150,0.5,0.6,13,97,False,barabasi
668,150,0.5,0.6,14,90,False,barabasi
669,150,0.5,0.6,13,86,False,barabasi
670,150,0.5,0.6,14,78,False,barabasi
671,150,0.5,0.6,13,89,False,barabasi
672,150,0.5,0.6,14,98,False,barabasi
673,150,0.5,0.6,14,76,False,barabasi
674,150,0.5,0.6,14,88,False,barabasi
675,150,0.5,0.6,14,87,False,barabasi
676,150,0.5,0.6,13,90,False,barabasi
677,150,0.5,0.6,13,98,False,barabasi
678,150,0.5,0.6,14,87,False,barabasi
679,150,0.5,0.6,14,90,False,barabasi
680,150,0.5,0.6,14,92,False,barabasi
681,150,0.5,0.6,14,92,False,barabasi
682,150,0.5,0.6,14,90,False,barabasi
683,150,0.5,0.6,14,89,False,barabasi
684,150,0.5,0.6,14,94,False,barabasi
685,150,0.5,0.6,14,93,False,barabasi
686,150,0.5,0.6,15,86,False,barabasi
687,150,0.5,0.6,14,94,False,barabasi
688,150,0.5,0.6,14,91,False,barabasi
689,150,0.5,0.6,14,83,False,barabasi
690,150,0.5,0.6,14,104,False,barabasi
691,150,0.5,0.6,14,87,False,barabasi
692,150,0.5,0.6,15,94,False,barabasi
693,150,0.5,0.6,13,82,False,barabasi
694,150,0.5,0.6,13,91,False,barabasi
695,150,0.5,0.6,14,94,False,barabasi
696,150,0.5,0.6,14,93,False,barabasi
697,150,0.5,0.6,14,90,False,barabasi
698,150,0.5,0.6,14,88,False,barabasi
699,150,0.5,0.6,14,102,False,barabasi
700,170,0.5,0.6,14,97,False,barabasi
701,170,0.5,0.6,14,100,False,barabasi
702,170,0.5,0.6,14,104,False,barabasi
703,170,0.5,0.6,14,108,False,barabasi
704,170,0.5,0.6,14,99,False,barabasi
705,170,0.5,0.6,14,103,False,barabasi
706,170,0.5,0.6,13,99,False,barabasi
707,170,0.5,0.6,14,92,False,barabasi
708,170,0.5,0.6,14,106,False,barabasi
709,170,0.5,0.6,14,95,False,barabasi
710,170,0.5,0.6,14,105,False,barabasi
711,170,0.5,0.6,14,96,False,barabasi
712,170,0.5,0.6,13,101,False,barabasi
713,170,0.5,0.6,15,106,False,barabasi
714,170,0.5,0.6,13,101,False,barabasi
715,170,0.5,0.6,14,110,False,barabasi
716,170,0.5,0.6,14,113,False,barabasi
717,170,0.5,0.6,14,104,False,barabasi
718,170,0.5,0.6,14,101,False,barabasi
719,170,0.5,0.6,15,96,False,barabasi
720,170,0.5,0.6,14,106,False,barabasi
721,170,0.5,0.6,14,97,False,barabasi
722,170,0.5,0.6,15,104,False,barabasi
723,170,0.5,0.6,14,113,False,barabasi
724,170,0.5,0.6,14,107,False,barabasi
725,170,0.5,0.6,14,103,False,barabasi
726,170,0.5,0.6,15,98,False,barabasi
727,170,0.5,0.6,14,114,False,barabasi
728,170,0.5,0.6,14,97,False,barabasi
729,170,0.5,0.6,14,107,False,barabasi
730,170,0.5,0.6,14,98,False,barabasi
731,170,0.5,0.6,15,102,False,barabasi
732,170,0.5,0.6,14,88,False,barabasi
733,170,0.5,0.6,15,95,False,barabasi
734,170,0.5,0.6,14,103,False,barabasi
735,170,0.5,0.6,14,100,False,barabasi
736,170,0.5,0.6,15,102,False,barabasi
737,170,0.5,0.6,14,107,False,barabasi
738,170,0.5,0.6,14,100,False,barabasi
739,170,0.5,0.6,14,96,False,barabasi
740,170,0.5,0.6,14,99,False,barabasi
741,170,0.5,0.6,13,98,False,barabasi
742,170,0.5,0.6,14,92,False,barabasi
743,170,0.5,0.6,15,103,False,barabasi
744,170,0.5,0.6,15,116,False,barabasi
745,170,0.5,0.6,13,102,False,barabasi
746,170,0.5,0.6,14,93,False,barabasi
747,170,0.5,0.6,15,104,False,barabasi
748,170,0.5,0.6,14,101,False,barabasi
749,170,0.5,0.6,14,102,False,barabasi
750,170,0.5,0.6,14,106,False,barabasi
751,170,0.5,0.6,14,110,False,barabasi
752,170,0.5,0.6,14,103,False,barabasi
753,170,0.5,0.6,14,113,False,barabasi
754,170,0.5,0.6,14,107,False,barabasi
755,170,0.5,0.6,14,91,False,barabasi
756,170,0.5,0.6,15,112,False,barabasi
757,170,0.5,0.6,14,100,False,barabasi
758,170,0.5,0.6,14,104,False,barabasi
759,170,0.5,0.6,15,101,False,barabasi
760,170,0.5,0.6,14,112,False,barabasi
761,170,0.5,0.6,14,104,False,barabasi
762,170,0.5,0.6,14,100,False,barabasi
763,170,0.5,0.6,14,104,False,barabasi
764,170,0.5,0.6,14,100,False,barabasi
765,170,0.5,0.6,14,102,False,barabasi
766,170,0.5,0.6,14,98,False,barabasi
767,170,0.5,0.6,13,97,False,barabasi
768,170,0.5,0.6,14,92,False,barabasi
769,170,0.5,0.6,14,99,False,barabasi
770,170,0.5,0.6,14,99,False,barabasi
771,170,0.5,0.6,14,97,False,barabasi
772,170,0.5,0.6,15,99,False,barabasi
773,170,0.5,0.6,15,92,False,barabasi
774,170,0.5,0.6,14,102,False,barabasi
775,170,0.5,0.6,13,89,False,barabasi
776,170,0.5,0.6,13,98,False,barabasi
777,170,0.5,0.6,14,100,False,barabasi
778,170,0.5,0.6,14,94,False,barabasi
779,170,0.5,0.6,15,121,False,barabasi
780,170,0.5,0.6,14,86,False,barabasi
781,170,0.5,0.6,14,105,False,barabasi
782,170,0.5,0.6,14,96,False,barabasi
783,170,0.5,0.6,14,103,False,barabasi
784,170,0.5,0.6,14,101,False,barabasi
785,170,0.5,0.6,14,117,False,barabasi
786,170,0.5,0.6,14,103,False,barabasi
787,170,0.5,0.6,14,107,False,barabasi
788,170,0.5,0.6,14,104,False,barabasi
789,170,0.5,0.6,15,107,False,barabasi
790,170,0.5,0.6,14,96,False,barabasi
791,170,0.5,0.6,14,93,False,barabasi
792,170,0.5,0.6,13,94,False,barabasi
793,170,0.5,0.6,14,95,False,barabasi
794,170,0.5,0.6,14,104,False,barabasi
795,170,0.5,0.6,14,99,False,barabasi
796,170,0.5,0.6,14,90,False,barabasi
797,170,0.5,0.6,14,100,False,barabasi
798,170,0.5,0.6,14,108,False,barabasi
799,170,0.5,0.6,13,99,False,barabasi
800,190,0.5,0.6,14,126,False,barabasi
801,190,0.5,0.6,14,108,False,barabasi
802,190,0.5,0.6,14,124,False,barabasi
803,190,0.5,0.6,14,107,False,barabasi
804,190,0.5,0.6,14,108,False,barabasi
805,190,0.5,0.6,13,121,False,barabasi
806,190,0.5,0.6,14,114,False,barabasi
807,190,0.5,0.6,13,122,False,barabasi
808,190,0.5,0.6,15,114,False,barabasi
809,190,0.5,0.6,14,113,False,barabasi
810,190,0.5,0.6,13,117,False,barabasi
811,190,0.5,0.6,14,113,False,barabasi
812,190,0.5,0.6,14,112,False,barabasi
813,190,0.5,0.6,15,124,False,barabasi
814,190,0.5,0.6,14,115,False,barabasi
815,190,0.5,0.6,14,114,False,barabasi
816,190,0.5,0.6,14,119,False,barabasi
817,190,0.5,0.6,14,116,False,barabasi
818,190,0.5,0.6,14,128,False,barabasi
819,190,0.5,0.6,14,120,False,barabasi
820,190,0.5,0.6,14,119,False,barabasi
821,190,0.5,0.6,14,123,False,barabasi
822,190,0.5,0.6,13,118,False,barabasi
823,190,0.5,0.6,15,110,False,barabasi
824,190,0.5,0.6,15,110,False,barabasi
825,190,0.5,0.6,14,118,False,barabasi
826,190,0.5,0.6,14,114,False,barabasi
827,190,0.5,0.6,14,112,False,barabasi
828,190,0.5,0.6,14,109,False,barabasi
829,190,0.5,0.6,14,112,False,barabasi
830,190,0.5,0.6,14,116,False,barabasi
831,190,0.5,0.6,15,116,False,barabasi
832,190,0.5,0.6,14,117,False,barabasi
833,190,0.5,0.6,14,121,False,barabasi
834,190,0.5,0.6,14,111,False,barabasi
835,190,0.5,0.6,15,123,False,barabasi
836,190,0.5,0.6,13,114,False,barabasi
837,190,0.5,0.6,14,118,False,barabasi
838,190,0.5,0.6,14,114,False,barabasi
839,190,0.5,0.6,13,111,False,barabasi
840,190,0.5,0.6,14,114,False,barabasi
841,190,0.5,0.6,14,112,False,barabasi
842,190,0.5,0.6,15,103,False,barabasi
843,190,0.5,0.6,14,114,False,barabasi
844,190,0.5,0.6,15,112,False,barabasi
845,190,0.5,0.6,13,111,False,barabasi
846,190,0.5,0.6,14,114,False,barabasi
847,190,0.5,0.6,14,109,False,barabasi
848,190,0.5,0.6,15,124,False,barabasi
849,190,0.5,0.6,14,134,False,barabasi
850,190,0.5,0.6,15,103,False,barabasi
851,190,0.5,0.6,13,102,False,barabasi
852,190,0.5,0.6,14,100,False,barabasi
853,190,0.5,0.6,14,114,False,barabasi
854,190,0.5,0.6,15,117,False,barabasi
855,190,0.5,0.6,14,100,False,barabasi
856,190,0.5,0.6,15,111,False,barabasi
857,190,0.5,0.6,14,122,False,barabasi
858,190,0.5,0.6,14,121,False,barabasi
859,190,0.5,0.6,15,112,False,barabasi
860,190,0.5,0.6,13,110,False,barabasi
861,190,0.5,0.6,14,116,False,barabasi
862,190,0.5,0.6,14,113,False,barabasi
863,190,0.5,0.6,14,114,False,barabasi
864,190,0.5,0.6,14,112,False,barabasi
865,190,0.5,0.6,13,124,False,barabasi
866,190,0.5,0.6,13,109,False,barabasi
867,190,0.5,0.6,14,127,False,barabasi
868,190,0.5,0.6,14,106,False,barabasi
869,190,0.5,0.6,13,119,False,barabasi
870,190,0.5,0.6,14,128,False,barabasi
871,190,0.5,0.6,13,107,False,barabasi
872,190,0.5,0.6,14,117,False,barabasi
873,190,0.5,0.6,14,106,False,barabasi
874,190,0.5,0.6,14,111,False,barabasi
875,190,0.5,0.6,15,98,False,barabasi
876,190,0.5,0.6,13,111,False,barabasi
877,190,0.5,0.6,14,109,False,barabasi
878,190,0.5,0.6,14,119,False,barabasi
879,190,0.5,0.6,14,114,False,barabasi
880,190,0.5,0.6,14,106,False,barabasi
881,190,0.5,0.6,14,115,False,barabasi
882,190,0.5,0.6,14,118,False,barabasi
883,190,0.5,0.6,14,103,False,barabasi
884,190,0.5,0.6,14,112,False,barabasi
885,190,0.5,0.6,14,118,False,barabasi
886,190,0.5,0.6,14,124,False,barabasi
887,190,0.5,0.6,15,120,False,barabasi
888,190,0.5,0.6,14,116,False,barabasi
889,190,0.5,0.6,14,114,False,barabasi
890,190,0.5,0.6,14,122,False,barabasi
891,190,0.5,0.6,14,125,False,barabasi
892,190,0.5,0.6,13,113,False,barabasi
893,190,0.5,0.6,14,114,False,barabasi
894,190,0.5,0.6,14,95,False,barabasi
895,190,0.5,0.6,14,116,False,barabasi
896,190,0.5,0.6,14,111,False,barabasi
897,190,0.5,0.6,14,116,False,barabasi
898,190,0.5,0.6,13,119,False,barabasi
899,190,0.5,0.6,13,120,False,barabasi
900,200,0.5,0.6,14,121,False,barabasi
901,200,0.5,0.6,15,107,False,barabasi
902,200,0.5,0.6,14,122,False,barabasi
903,200,0.5,0.6,16,120,False,barabasi
904,200,0.5,0.6,14,122,False,barabasi
905,200,0.5,0.6,13,124,False,barabasi
906,200,0.5,0.6,14,120,False,barabasi
907,200,0.5,0.6,14,114,False,barabasi
908,200,0.5,0.6,14,122,False,barabasi
909,200,0.5,0.6,14,119,False,barabasi
910,200,0.5,0.6,14,129,False,barabasi
911,200,0.5,0.6,14,130,False,barabasi
912,200,0.5,0.6,15,123,False,barabasi
913,200,0.5,0.6,14,125,False,barabasi
914,200,0.5,0.6,14,121,False,barabasi
915,200,0.5,0.6,16,110,False,barabasi
916,200,0.5,0.6,14,108,False,barabasi
917,200,0.5,0.6,14,120,False,barabasi
918,200,0.5,0.6,14,118,False,barabasi
919,200,0.5,0.6,15,130,False,barabasi
920,200,0.5,0.6,14,117,False,barabasi
921,200,0.5,0.6,14,114,False,barabasi
922,200,0.5,0.6,15,120,False,barabasi
923,200,0.5,0.6,14,125,False,barabasi
924,200,0.5,0.6,15,124,False,barabasi
925,200,0.5,0.6,14,124,False,barabasi
926,200,0.5,0.6,14,116,False,barabasi
927,200,0.5,0.6,15,125,False,barabasi
928,200,0.5,0.6,14,122,False,barabasi
929,200,0.5,0.6,14,106,False,barabasi
930,200,0.5,0.6,14,124,False,barabasi
931,200,0.5,0.6,14,127,False,barabasi
932,200,0.5,0.6,14,107,False,barabasi
933,200,0.5,0.6,14,117,False,barabasi
934,200,0.5,0.6,14,126,False,barabasi
935,200,0.5,0.6,14,126,False,barabasi
936,200,0.5,0.6,15,123,False,barabasi
937,200,0.5,0.6,13,111,False,barabasi
938,200,0.5,0.6,13,127,False,barabasi
939,200,0.5,0.6,13,114,False,barabasi
940,200,0.5,0.6,14,112,False,barabasi
941,200,0.5,0.6,14,114,False,barabasi
942,200,0.5,0.6,14,123,False,barabasi
943,200,0.5,0.6,14,123,False,barabasi
944,200,0.5,0.6,15,130,False,barabasi
945,200,0.5,0.6,14,129,False,barabasi
946,200,0.5,0.6,13,123,False,barabasi
947,200,0.5,0.6,13,113,False,barabasi
948,200,0.5,0.6,14,129,False,barabasi
949,200,0.5,0.6,15,126,False,barabasi
950,200,0.5,0.6,15,137,False,barabasi
951,200,0.5,0.6,14,123,False,barabasi
952,200,0.5,0.6,13,122,False,barabasi
953,200,0.5,0.6,14,121,False,barabasi
954,200,0.5,0.6,14,115,False,barabasi
955,200,0.5,0.6,13,132,False,barabasi
956,200,0.5,0.6,13,128,False,barabasi
957,200,0.5,0.6,14,133,False,barabasi
958,200,0.5,0.6,13,116,False,barabasi
959,200,0.5,0.6,14,118,False,barabasi
960,200,0.5,0.6,14,107,False,barabasi
961,200,0.5,0.6,14,131,False,barabasi
962,200,0.5,0.6,13,122,False,barabasi
963,200,0.5,0.6,14,113,False,barabasi
964,200,0.5,0.6,14,119,False,barabasi
965,200,0.5,0.6,14,124,False,barabasi
966,200,0.5,0.6,15,124,False,barabasi
967,200,0.5,0.6,13,122,False,barabasi
968,200,0.5,0.6,14,130,False,barabasi
969,200,0.5,0.6,14,128,False,barabasi
970,200,0.5,0.6,13,119,False,barabasi
971,200,0.5,0.6,15,123,False,barabasi
972,200,0.5,0.6,14,111,False,barabasi
973,200,0.5,0.6,14,114,False,barabasi
974,200,0.5,0.6,14,127,False,barabasi
975,200,0.5,0.6,14,104,False,barabasi
976,200,0.5,0.6,14,124,False,barabasi
977,200,0.5,0.6,14,128,False,barabasi
978,200,0.5,0.6,14,105,False,barabasi
979,200,0.5,0.6,15,109,False,barabasi
980,200,0.5,0.6,15,130,False,barabasi
981,200,0.5,0.6,14,127,False,barabasi
982,200,0.5,0.6,14,130,False,barabasi
983,200,0.5,0.6,14,119,False,barabasi
984,200,0.5,0.6,13,124,False,barabasi
985,200,0.5,0.6,14,117,False,barabasi
986,200,0.5,0.6,15,126,False,barabasi
987,200,0.5,0.6,14,110,False,barabasi
988,200,0.5,0.6,14,109,False,barabasi
989,200,0.5,0.6,14,123,False,barabasi
990,200,0.5,0.6,14,110,False,barabasi
991,200,0.5,0.6,13,116,False,barabasi
992,200,0.5,0.6,14,106,False,barabasi
993,200,0.5,0.6,14,124,False,barabasi
994,200,0.5,0.6,15,129,False,barabasi
995,200,0.5,0.6,14,116,False,barabasi
996,200,0.5,0.6,14,123,False,barabasi
997,200,0.5,0.6,14,118,False,barabasi
998,200,0.5,0.6,16,128,False,barabasi
999,200,0.5,0.6,14,122,False,barabasi
